"","Light_Level","Fragment.ID","Intercept","Âµmol.L.sec","Temp","Date","Sample.ID","Chamber.Channel","Position","Run","Species","Sample.Type","Chamber.Vol.L","Surf.Area.cm2","Start.time","Stop.Time","Light_Dark","Light_Value","Notes","QC","sample.micromol.s","blank.micromol.s","corr.micromol.s","micromol.cm2.s","micromol.cm2.h"
"1",1,"1-ACR-1_1",184.574109583333,-0.00620124999999983,27.75748,20191024,"1-ACR-1",8,8,"Run1","Apulchra","Coral",0.616,8.01,"16:17","16:28","Dark",0,NA,NA,-0.00381996999999989,0.000422873636363427,-0.00424284363636332,-0.000529693337873074,-1.90689601634307
"2",1,"2-ACR-3_1",188.071928901099,-0.00703879120879115,27.9195789473684,20191025,"2-ACR-3",6,12,"Run2","Apulchra","Coral",0.605,15,"13:38","13:46","Dark",0,NA,NA,-0.00425846868131864,0.000422873636363427,-0.00468134231768207,-0.000312089487845471,-1.1235221562437
"3",1,"2-ACR-2_1",190.570414395604,-0.0107572527472527,28.4164210526316,20191025,"2-ACR-2",3,9,"Run2","Apulchra","Coral",0.61,15,"13:38","13:46","Dark",0,NA,NA,-0.00656192417582418,0.000422873636363427,-0.0069847978121876,-0.000465653187479174,-1.67635147492502
"4",1,"2-ACR-1_1",182.994300291375,-0.00742150349650406,27.1819615384615,20191025,"2-ACR-1",6,12,"Run1","Apulchra","Coral",0.6,9.56614963,"10:28","10:39","Dark",0,NA,NA,-0.00445290209790244,0.000422873636363427,-0.00487577573426586,-0.000509690515291037,-1.83488585504773
"5",1,"1-POR-2_1",174.189094558823,-0.00626955882352922,28.18324,20191024,"1-POR-2",1,11,"Run1","Porites","Coral",0.595,20.43,"16:17","16:28","Dark",0,NA,NA,-0.00373038749999989,0.000422873636363427,-0.00415326113636331,-0.000203292272949746,-0.731852182619086
"7",1,"1-POR-1_1",179.876083956044,-0.00416967032967036,27.96528,20191024,"1-POR-1",7,7,"Run1","Porites","Coral",0.6,11.43,"16:17","16:28","Dark",0,NA,NA,-0.00250180219780221,0.000422873636363427,-0.00292467583416564,-0.000255877150845638,-0.921157743044296
"8",1,"1-POC-3_1",194.49019,-0.0112900000000008,28.1205263157895,20191025,"1-POC-3",2,8,"Run2","Pocillopora","Coral",0.608,15,"13:38","13:46","Dark",0,NA,NA,-0.00686432000000046,0.000422873636363427,-0.00728719363636389,-0.000485812909090926,-1.74892647272733
"9",1,"1-POC-2_1",168.906214219114,-0.00758601398601445,28.04108,20191024,"1-POC-2",10,10,"Run1","Pocillopora","Coral",0.61,41.64,"16:17","16:28","Dark",0,NA,NA,-0.00462746853146882,0.000422873636363427,-0.00505034216783224,-0.00012128583496235,-0.436629005864459
"10",1,"2-POR-1_1",156.525278290598,-0.00692786324786321,27.3328076923077,20191025,"2-POR-1",4,10,"Run1","Porites","Coral",0.61,6.157521601,"10:28","10:39","Dark",0,NA,NA,-0.00422599658119656,0.000422873636363427,-0.00464887021755999,-0.000754990484613971,-2.7179657446103
"11",1,"1-POC-1_1",180.857116911765,-0.00745514705882349,27.9226,20191024,"1-POC-1",9,9,"Run1","Pocillopora","Coral",0.604,33.92,"16:17","16:28","Dark",0,NA,NA,-0.00450290882352939,0.000422873636363427,-0.00492578245989282,-0.000145217643275142,-0.522783515790511
"12",1,"1-ACR-3_1",191.780567272727,-0.00973090909090877,28.0277368421053,20191025,"1-ACR-3",1,7,"Run2","Apulchra","Coral",0.616,15,"13:38","13:46","Dark",0,NA,NA,-0.0059942399999998,0.000422873636363427,-0.00641711363636323,-0.000427807575757549,-1.54010727272717
"13",1,"1-ACR-2_1",164.001869219368,-0.00490182806324119,28.03168,20191024,"1-ACR-2",2,12,"Run1","Apulchra","Coral",0.61,7.7,"16:17","16:28","Dark",0,NA,NA,-0.00299011511857712,0.000422873636363427,-0.00341298875494055,-0.000443245292849422,-1.59568305425792
"14",1,"2-POC-1_1",180.299437083333,-0.00722875000000004,27.4697037037037,20191025,"2-POC-1",1,7,"Run1","Pocillopora","Coral",0.608,45.44,"10:28","10:39","Dark",0,NA,NA,-0.00439508000000003,0.000422873636363427,-0.00481795363636345,-0.000106028909250956,-0.381704073303443
"16",1,"2-POR-2_1",178.413955928854,-0.00982605872388474,27.4433461538462,20191025,"2-POR-2",5,11,"Run1","Porites","Coral",0.595,26.42079422,"10:28","10:39","Dark",0,NA,NA,-0.00584650494071142,0.000422873636363427,-0.00626937857707485,-0.000237289557795695,-0.854242408064501
"17",1,"2-POC-3_1",189.116974423805,-0.0179809597523221,28.1566842105263,20191025,"2-POC-3",5,11,"Run2","Pocillopora","Coral",0.59,15,"13:38","13:46","Dark",0,NA,NA,-0.0106087662538701,0.000422873636363427,-0.0110316398902335,-0.000735442659348899,-2.64759357365604
"18",1,"2-POC-2_1",172.011172969925,-0.00643913533834589,27.4176666666667,20191025,"2-POC-2",2,8,"Run1","Pocillopora","Coral",0.618,44.45,"10:28","10:39","Dark",0,NA,NA,-0.00397938563909776,0.000422873636363427,-0.00440225927546119,-9.90384538911403e-05,-0.356538434008105
"19",2,"1-ACR-2_2",160.33807122807,-0.00437298245614034,27.9477307692308,20191024,"1-ACR-2",2,12,"Run1","Apulchra","Coral",0.61,7.7,"16:30","16:40","Light",25,NA,NA,-0.00266751929824561,0.000205785021644814,-0.00287330431989042,-0.000373156405180574,-1.34336305865007
"20",2,"1-ACR-3_2",186.366641111111,-0.00846333333333282,27.8537142857143,20191025,"1-ACR-3",1,7,"Run2","Apulchra","Coral",0.616,15,"13:48","13:54","Light",25,NA,NA,-0.00521341333333302,0.000205785021644814,-0.00541919835497783,-0.000361279890331855,-1.30060760519468
"21",2,"2-POC-1_2",175.055180059524,-0.00617410714285684,27.4522105263158,20191025,"2-POC-1",1,7,"Run1","Pocillopora","Coral",0.608,45.44,"10:41","10:49","Light",25,NA,NA,-0.00375385714285696,0.000205785021644814,-0.00395964216450177,-8.71400124230144e-05,-0.313704044722852
"22",2,"1-ACR-1_2",179.030197472527,-0.0061117582417583,27.6881111111111,20191024,"1-ACR-1",8,8,"Run1","Apulchra","Coral",0.616,8.01,"16:30","16:40","Light",25,NA,NA,-0.00376484307692312,0.000205785021644814,-0.00397062809856793,-0.000495708876225709,-1.78455195441255
"23",2,"2-ACR-3_2",184.085720104895,-0.00443688811188822,27.7399285714286,20191025,"2-ACR-3",6,12,"Run2","Apulchra","Coral",0.605,15,"13:48","13:54","Light",25,NA,NA,-0.00268431730769238,0.000205785021644814,-0.00289010232933719,-0.000192673488622479,-0.693624559040926
"24",2,"2-POC-2_2",167.211604725275,-0.00538274725274741,27.4011578947368,20191025,"2-POC-2",2,8,"Run1","Pocillopora","Coral",0.618,44.45,"10:41","10:49","Light",25,NA,NA,-0.0033265378021979,0.000205785021644814,-0.00353232282384271,-7.9467330120196e-05,-0.286082388432706
"25",2,"2-ACR-2_2",183.86108,-0.00767999999999944,28.1367142857143,20191025,"2-ACR-2",3,9,"Run2","Apulchra","Coral",0.61,15,"13:48","13:54","Light",25,NA,NA,-0.00468479999999966,0.000205785021644814,-0.00489058502164447,-0.000326039001442965,-1.17374040519467
"26",2,"2-ACR-1_2",178.350739285714,-0.00523928571428551,27.1897222222222,20191025,"2-ACR-1",6,12,"Run1","Apulchra","Coral",0.6,9.56614963,"10:41","10:49","Light",25,NA,NA,-0.0031435714285713,0.000205785021644814,-0.00334935645021612,-0.000350125868793892,-1.26045312765801
"27",2,"1-POC-1_2",175.273473406863,-0.00598321078431367,27.8162222222222,20191024,"1-POC-1",9,9,"Run1","Pocillopora","Coral",0.604,33.92,"16:30","16:40","Light",25,NA,NA,-0.00361385931372546,0.000205785021644814,-0.00381964433537027,-0.000112607439132378,-0.405386780876562
"28",2,"2-POC-3_2",178.210458888889,-0.0166366666666663,27.9475714285714,20191025,"2-POC-3",5,11,"Run2","Pocillopora","Coral",0.59,15,"13:48","13:54","Light",25,NA,NA,-0.00981563333333311,0.000205785021644814,-0.0100214183549779,-0.000668094556998528,-2.4051404051947
"29",2,"1-POR-1_2",176.576436842105,-0.00275263157894716,27.8844074074074,20191024,"1-POR-1",7,7,"Run1","Porites","Coral",0.6,11.43,"16:30","16:40","Light",25,NA,NA,-0.0016515789473683,0.000205785021644814,-0.00185736396901311,-0.000162499034909283,-0.584996525673421
"30",2,"1-POC-3_2",188.15014,-0.00794000000000007,27.9115,20191025,"1-POC-3",2,8,"Run2","Pocillopora","Coral",0.608,15,"13:48","13:54","Light",25,NA,NA,-0.00482752000000004,0.000205785021644814,-0.00503330502164485,-0.000335553668109657,-1.20799320519476
"31",2,"1-POR-2_2",169.529586240601,-0.00423436090225557,28.0773846153846,20191024,"1-POR-2",1,11,"Run1","Porites","Coral",0.595,20.43,"16:30","16:40","Light",25,NA,NA,-0.00251944473684207,0.000205785021644814,-0.00272522975848688,-0.000133393527091869,-0.480216697530728
"33",2,"1-POC-2_2",163.353169398496,-0.00539270676691733,27.9402592592593,20191024,"1-POC-2",10,10,"Run1","Pocillopora","Coral",0.61,41.64,"16:30","16:40","Light",25,NA,NA,-0.00328955112781957,0.000205785021644814,-0.00349533614946439,-8.39417903329584e-05,-0.30219044519865
"34",2,"2-POR-1_2",151.623155,-0.00625500000000017,27.352,20191025,"2-POR-1",4,10,"Run1","Porites","Coral",0.61,6.157521601,"10:41","10:49","Light",25,NA,NA,-0.0038155500000001,0.000205785021644814,-0.00402133502164492,-0.00065307688421131,-2.35107678316071
"36",2,"2-POR-2_2",170.9370225,-0.00924750000000002,27.4458888888889,20191025,"2-POR-2",5,11,"Run1","Porites","Coral",0.595,26.42079422,"10:41","10:49","Light",25,NA,NA,-0.00550226250000001,0.000205785021644814,-0.00570804752164483,-0.000216043752285234,-0.777757508226843
"37",3,"1-ACR-2_3",157.283026997811,-0.00340877120963324,27.8982857142857,20191024,"1-ACR-2",2,12,"Run1","Apulchra","Coral",0.61,7.7,"16:42","16:53","Light",45,NA,NA,-0.00207935043787628,-0.000205743977272675,-0.0018736064606036,-0.000243325514364104,-0.875971851710776
"38",3,"2-POC-1_3",171.304826960784,-0.00588578431372562,27.4691428571429,20191025,"2-POC-1",1,7,"Run1","Pocillopora","Coral",0.608,45.44,"10:51","10:59","Light",42.83333333,NA,NA,-0.00357855686274518,-0.000205743977272675,-0.0033728128854725,-7.42256356838139e-05,-0.26721228846173
"39",3,"1-ACR-3_3",182.531727016129,-0.00612217741935479,27.6340952380952,20191025,"1-ACR-3",1,7,"Run2","Apulchra","Coral",0.616,15,"13:56","14:12","Light",42.83333333,NA,NA,-0.00377126129032255,-0.000205743977272675,-0.00356551731304987,-0.000237701154203325,-0.85572415513197
"40",3,"2-POC-2_3",164.004642368421,-0.0050809649122805,27.4167142857143,20191025,"2-POC-2",2,8,"Run1","Pocillopora","Coral",0.618,44.45,"10:51","10:59","Light",42.83333333,NA,NA,-0.00314003631578935,-0.000205743977272675,-0.00293429233851667,-6.60133259508813e-05,-0.237647973423173
"41",3,"1-POC-1_3",170.729339166667,-0.00512249999999985,27.7438275862069,20191024,"1-POC-1",9,9,"Run1","Pocillopora","Coral",0.604,33.92,"16:42","16:55","Light",45,NA,NA,-0.00309398999999991,-0.000205743977272675,-0.00288824602272723,-8.51487624624774e-05,-0.306535544864919
"42",3,"2-POC-3_3",170.593555900563,-0.015459746716698,27.7228571428571,20191025,"2-POC-3",5,11,"Run2","Pocillopora","Coral",0.59,15,"13:56","14:12","Light",42.83333333,NA,NA,-0.00912125056285181,-0.000205743977272675,-0.00891550658557914,-0.000594367105705276,-2.13972158053899
"43",3,"2-ACR-2_3",179.497203319328,-0.00869659663865539,27.8413571428571,20191025,"2-ACR-2",3,9,"Run2","Apulchra","Coral",0.61,15,"13:56","14:12","Light",42.83333333,NA,NA,-0.00530492394957979,-0.000205743977272675,-0.00509917997230711,-0.000339945331487141,-1.22380319335371
"44",3,"1-ACR-1_3",174.858498007519,-0.00619951127819533,27.6396071428571,20191024,"1-ACR-1",8,8,"Run1","Apulchra","Coral",0.616,8.01,"16:42","16:55","Light",45,NA,NA,-0.00381889894736833,-0.000205743977272675,-0.00361315497009565,-0.000451080520611192,-1.62388987420029
"45",3,"1-POR-2_3",166.668413401709,-0.00168690598290606,28.0210714285714,20191024,"1-POR-2",1,11,"Run1","Porites","Coral",0.595,20.43,"16:42","16:55","Light",45,NA,NA,-0.00100370905982911,-0.000205743977272675,-0.000797965082556432,-3.90584964540593e-05,-0.140610587234614
"46",3,"2-ACR-3_3",182.39465637931,-0.0044529310344828,27.5336976744186,20191025,"2-ACR-3",6,12,"Run2","Apulchra","Coral",0.605,15,"13:56","14:12","Light",42.83333333,NA,NA,-0.0026940232758621,-0.000205743977272675,-0.00248827929858942,-0.000165885286572628,-0.597187031661461
"47",3,"2-ACR-1_3",175.360364175824,-0.00412901098901121,27.23205,20191025,"2-ACR-1",6,12,"Run1","Apulchra","Coral",0.6,9.56614963,"10:51","10:59","Light",42.83333333,NA,NA,-0.00247740659340672,-0.000205743977272675,-0.00227166261613405,-0.000237468856749845,-0.854887884299441
"48",3,"1-POC-2_3",159.454451240602,-0.00372417293233091,27.8882068965517,20191024,"1-POC-2",10,10,"Run1","Pocillopora","Coral",0.61,41.64,"16:42","16:55","Light",45,NA,NA,-0.00227174548872185,-0.000205743977272675,-0.00206600151144918,-4.96157903806239e-05,-0.178616845370246
"50",3,"1-POR-1_3",174.486649807692,-0.00159903846153845,27.8352857142857,20191024,"1-POR-1",7,7,"Run1","Porites","Coral",0.6,11.43,"16:42","16:55","Light",45,NA,NA,-0.000959423076923069,-0.000205743977272675,-0.000753679099650394,-6.5938678884549e-05,-0.237379243984376
"51",3,"1-POC-3_3",184.973440692308,-0.00425607692307694,27.6772857142857,20191025,"1-POC-3",2,8,"Run2","Pocillopora","Coral",0.608,15,"13:56","14:12","Light",42.83333333,NA,NA,-0.00258769476923078,-0.000205743977272675,-0.00238195079195811,-0.000158796719463874,-0.571668190069946
"52",3,"2-POR-1_3",148.464662074303,-0.00444226006191965,27.3891428571429,20191025,"2-POR-1",4,10,"Run1","Porites","Coral",0.61,6.157521601,"10:51","10:59","Light",42.83333333,NA,NA,-0.00270977863777098,-0.000205743977272675,-0.00250403466049831,-0.000406662748871502,-1.46398589593741
"53",3,"2-POR-2_3",165.806643947368,-0.00671236842105256,27.4661428571429,20191025,"2-POR-2",5,11,"Run1","Porites","Coral",0.595,26.42079422,"10:51","10:59","Light",42.83333333,NA,NA,-0.00399385921052627,-0.000205743977272675,-0.0037881152332536,-0.000143376281640545,-0.516154613905961
"55",4,"1-ACR-2_4",154.842060014493,-0.00252334782608711,27.8842307692308,20191024,"1-ACR-2",2,12,"Run1","Apulchra","Coral",0.61,7.7,"16:55","17:05","Light",73,NA,NA,-0.00153924217391314,-0.000100955225330433,-0.0014382869485827,-0.000186790512802948,-0.672445846090614
"56",4,"1-ACR-3_4",175.793294047619,-0.00481785714285712,27.4226976744186,20191025,"1-ACR-3",1,7,"Run2","Apulchra","Coral",0.616,15,"14:14","14:30","Light",67.83333333,NA,NA,-0.00296779999999999,-0.000100955225330433,-0.00286684477466956,-0.00019112298497797,-0.688042745920693
"57",4,"1-POC-1_4",166.746831323529,-0.00409161764705863,27.7173846153846,20191024,"1-POC-1",9,9,"Run1","Pocillopora","Coral",0.604,33.92,"16:55","17:05","Light",73,NA,NA,-0.00247133705882341,-0.000100955225330433,-0.00237038183349298,-6.98815399025053e-05,-0.251573543649019
"58",4,"2-POC-2_4",161.074675815851,-0.00439143356643369,27.4278421052632,20191025,"2-POC-2",2,8,"Run1","Pocillopora","Coral",0.618,44.45,"11:00","11:09","Light",67.83333333,NA,NA,-0.00271390594405602,-0.000100955225330433,-0.00261295071872559,-5.878404316593e-05,-0.211622555397348
"59",4,"2-POC-1_4",167.853547142857,-0.0049185714285715,27.4632105263158,20191025,"2-POC-1",1,7,"Run1","Pocillopora","Coral",0.608,45.44,"11:00","11:09","Light",67.83333333,NA,NA,-0.00299049142857147,-0.000100955225330433,-0.00288953620324104,-6.35901453178045e-05,-0.228924523144096
"60",4,"1-ACR-1_4",170.062409821429,-0.00454196428571431,27.6308076923077,20191024,"1-ACR-1",8,8,"Run1","Apulchra","Coral",0.616,8.01,"16:55","17:05","Light",73,NA,NA,-0.00279785000000001,-0.000100955225330433,-0.00269689477466958,-0.000336690983104816,-1.21208753917734
"61",4,"2-POC-3_4",154.121307296997,-0.0121181979977753,27.4952444444444,20191025,"2-POC-3",5,11,"Run2","Pocillopora","Coral",0.59,15,"14:14","14:30","Light",67.83333333,NA,NA,-0.00714973681868741,-0.000100955225330433,-0.00704878159335698,-0.000469918772890465,-1.69170758240567
"62",4,"2-ACR-2_4",169.810665112782,-0.00838390977443607,27.5559545454545,20191025,"2-ACR-2",3,9,"Run2","Apulchra","Coral",0.61,15,"14:14","14:30","Light",67.83333333,NA,NA,-0.005114184962406,-0.000100955225330433,-0.00501322973707557,-0.000334215315805038,-1.20317513689814
"63",4,"1-POR-2_4",165.436776818182,0.00142318181818179,27.9908076923077,20191024,"1-POR-2",1,11,"Run1","Porites","Coral",0.595,20.43,"16:55","17:05","Light",73,NA,NA,0.000846793181818163,-0.000100955225330433,0.000947748407148596,4.6390034613245e-05,0.167004124607682
"64",4,"2-ACR-3_4",177.763408495235,-0.00246696297653951,27.3312,20191025,"2-ACR-3",6,12,"Run2","Apulchra","Coral",0.605,15,"14:14","14:30","Light",67.83333333,NA,NA,-0.00149251260080641,-0.000100955225330433,-0.00139155737547597,-9.27704916983982e-05,-0.333973770114233
"66",4,"2-ACR-1_4",172.708341818182,-0.00328727272727253,27.25,20191025,"2-ACR-1",6,12,"Run1","Apulchra","Coral",0.6,9.56614963,"11:00","11:09","Light",67.83333333,NA,NA,-0.00197236363636352,-0.000100955225330433,-0.00187140841103308,-0.000195628176791657,-0.704261436449965
"67",4,"1-POC-2_4",156.739159473684,-0.00192789473684195,27.8795,20191024,"1-POC-2",10,10,"Run1","Pocillopora","Coral",0.61,41.64,"16:55","17:05","Light",73,NA,NA,-0.00117601578947359,-0.000100955225330433,-0.00107506056414315,-2.58179770447443e-05,-0.0929447173610796
"68",4,"2-POR-1_4",145.887990808823,-0.00338051470588223,27.3888421052632,20191025,"2-POR-1",4,10,"Run1","Porites","Coral",0.61,6.1575216,"11:00","11:09","Light",67.83333333,NA,NA,-0.00206211397058816,-0.000100955225330433,-0.00196115874525773,-0.000318498069947124,-1.14659305180965
"69",4,"1-POC-3_4",181.210952620968,4.33467741934462e-05,27.4467272727273,20191025,"1-POC-3",2,8,"Run2","Pocillopora","Coral",0.608,15,"14:14","14:30","Light",67.83333333,NA,NA,2.63548387096153e-05,-0.000100955225330433,0.000127310064040048,8.48733760266986e-06,0.0305544153696115
"70",4,"2-POR-2_4",162.059962272727,-0.00444409090909112,27.4882631578947,20191025,"2-POR-2",5,11,"Run1","Porites","Coral",0.595,26.4207942,"11:00","11:09","Light",67.83333333,NA,NA,-0.00264423409090921,-0.000100955225330433,-0.00254327886557878,-9.62605002077788e-05,-0.346537800748004
"71",4,"1-POR-1_4",173.333912377451,-0.000238357843137315,27.8190769230769,20191024,"1-POR-1",7,7,"Run1","Porites","Coral",0.6,11.43,"16:55","17:05","Light",73,NA,NA,-0.000143014705882389,-0.000100955225330433,-4.20594805519563e-05,-3.67974458022364e-06,-0.0132470804888051
"73",5,"1-ACR-3_5",170.679160079051,-0.00228994918125352,27.31596,20191025,"1-ACR-3",1,7,"Run2","Apulchra","Coral",0.616,15,"14:32","14:42","Light",115.3333333,NA,NA,-0.00141060869565217,-0.000162646336261773,-0.0012479623593904,-8.31974906260265e-05,-0.299510966253695
"74",5,"1-ACR-2_5",153.498891417269,-0.00126259029927774,27.8962058823529,20191024,"1-ACR-2",2,12,"Run1","Apulchra","Coral",0.61,7.7,"17:07","17:20","Light",127,NA,NA,-0.000770180082559421,-0.000162646336261773,-0.000607533746297648,-7.89004865321621e-05,-0.284041751515784
"75",5,"1-POC-1_5",163.975340263158,-0.00164026315789452,27.7174848484848,20191024,"1-POC-1",9,9,"Run1","Pocillopora","Coral",0.604,33.92,"17:07","17:20","Light",127,NA,NA,-0.00099071894736829,-0.000162646336261773,-0.000828072611106518,-2.4412518016112e-05,-0.0878850648580031
"76",5,"2-POC-3_5",141.229444065934,-0.00597593406593427,27.3828,20191025,"2-POC-3",5,11,"Run2","Pocillopora","Coral",0.59,15,"14:32","14:42","Light",115.3333333,NA,NA,-0.00352580109890122,-0.000162646336261773,-0.00336315476263945,-0.000224210317509297,-0.807157143033468
"77",5,"1-ACR-1_5",167.145892207792,-0.00429480519480507,27.6469393939394,20191024,"1-ACR-1",8,8,"Run1","Apulchra","Coral",0.616,8.01,"17:07","17:20","Light",127,NA,NA,-0.00264559999999992,-0.000162646336261773,-0.00248295366373815,-0.000309981730803764,-1.11593423089355
"78",5,"2-ACR-3_5",175.357107857143,7.7857142857274e-05,27.223,20191025,"2-ACR-3",6,12,"Run2","Apulchra","Coral",0.605,15,"14:32","14:42","Light",115.3333333,NA,NA,4.71035714286507e-05,-0.000162646336261773,0.000209749907690423,1.39833271793616e-05,0.0503399778457016
"79",5,"2-POC-2_5",158.706095454545,-0.00238003952569173,27.4353529411765,20191025,"2-POC-2",2,8,"Run1","Pocillopora","Coral",0.618,44.45,"11:11","11:24","Light",115.3333333,NA,NA,-0.00147086442687749,-0.000162646336261773,-0.00130821809061572,-2.94312281353368e-05,-0.105952421287212
"80",5,"2-POC-1_5",165.002812413793,-0.00319862068965516,27.4625588235294,20191025,"2-POC-1",1,7,"Run1","Pocillopora","Coral",0.608,45.44,"11:11","11:24","Light",115.3333333,NA,NA,-0.00194476137931034,-0.000162646336261773,-0.00178211504304856,-3.92190810530054e-05,-0.141188691790819
"81",5,"1-POC-2_5",155.915066007905,0.00170022586109549,27.8881818181818,20191024,"1-POC-2",10,10,"Run1","Pocillopora","Coral",0.61,41.64,"17:07","17:20","Light",127,NA,NA,0.00103713777526825,-0.000162646336261773,0.00119978411153002,2.88132591625846e-05,0.103727732985304
"82",5,"2-POR-1_5",143.736375318841,-0.00120604347826101,27.3948235294118,20191025,"2-POR-1",4,10,"Run1","Porites","Coral",0.61,6.1575216,"11:11","11:24","Light",115.3333333,NA,NA,-0.000735686521739216,-0.000162646336261773,-0.000573040185477443,-9.30634470656901e-05,-0.335028409436484
"83",5,"2-ACR-2_5",160.739646616541,-0.00482932330827044,27.40008,20191025,"2-ACR-2",3,9,"Run2","Apulchra","Coral",0.61,15,"14:32","14:42","Light",115.3333333,NA,NA,-0.00294588721804497,-0.000162646336261773,-0.00278324088178319,-0.00018554939211888,-0.667977811627966
"84",5,"2-ACR-1_5",170.583301391304,-0.00272530434782613,27.2758823529412,20191025,"2-ACR-1",6,12,"Run1","Apulchra","Coral",0.6,9.56614963,"11:11","11:24","Light",115.3333333,NA,NA,-0.00163518260869568,-0.000162646336261773,-0.0014725362724339,-0.000153931971523417,-0.5541550974843
"85",5,"1-POC-3_5",182.051112205882,0.00623191176470592,27.33292,20191025,"1-POC-3",2,8,"Run2","Pocillopora","Coral",0.608,15,"14:32","14:42","Light",115.3333333,NA,NA,0.0037890023529412,-0.000162646336261773,0.00395164868920297,0.000263443245946865,0.948395685408713
"86",5,"1-POR-2_5",166.586021052632,0.00415438596491245,27.9996764705882,20191024,"1-POR-2",1,11,"Run1","Porites","Coral",0.595,20.43,"17:07","17:20","Light",127,NA,NA,0.00247185964912291,-0.000162646336261773,0.00263450598538468,0.000128952813773112,0.464230129583204
"88",5,"1-POR-1_5",173.664974458875,0.00193896103896079,27.8292424242424,20191024,"1-POR-1",7,7,"Run1","Porites","Coral",0.6,11.43,"17:07","17:20","Light",127,NA,NA,0.00116337662337648,-0.000162646336261773,0.00132602295963825,0.000116012507404921,0.417645026657716
"89",5,"2-POR-2_5",159.997765478261,0.000455391304347853,27.4953529411765,20191025,"2-POR-2",5,11,"Run1","Porites","Coral",0.595,26.4207942,"11:11","11:24","Light",115.3333333,NA,NA,0.000270957826086973,-0.000162646336261773,0.000433604162348745,1.64114734427153e-05,0.0590813043937749
"91",6,"1-POC-2_6",154.780951650246,0.00506854679802961,27.8961578947368,20191024,"1-POC-2",10,10,"Run1","Pocillopora","Coral",0.61,41.64,"17:22","17:36","Light",175,NA,NA,0.00309181354679806,-0.000167359062332662,0.00325917260913072,7.82702355699021e-05,0.281772848051648
"92",6,"1-ACR-2_6",151.289713225806,0.000731935483870934,27.9013333333333,20191024,"1-ACR-2",2,12,"Run1","Apulchra","Coral",0.61,7.7,"17:22","17:36","Light",175,NA,NA,0.00044648064516127,-0.000167359062332662,0.000613839707493931,7.97194425316794e-05,0.286989993114046
"93",6,"2-POR-1_6",142.300691610644,0.000312591036414582,27.2920338983051,20191025,"2-POR-1",4,10,"Run1","Porites","Coral",0.61,6.1575216,"11:26","11:47","Light",165.5,NA,NA,0.000190680532212895,-0.000167359062332662,0.000358039594545557,5.81467054123783e-05,0.209328139484562
"94",6,"1-POC-1_6",160.347083202899,0.000203608695652039,27.7130526315789,20191024,"1-POC-1",9,9,"Run1","Pocillopora","Coral",0.604,33.92,"17:22","17:36","Light",175,NA,NA,0.000122979652173832,-0.000167359062332662,0.000290338714506493,8.5595139889886e-06,0.0308142503603589
"95",6,"1-POC-3_6",187.216009615385,0.0107211538461536,27.30525,20191025,"1-POC-3",2,8,"Run2","Pocillopora","Coral",0.608,15,"14:44","14:54","Light",165.5,NA,NA,0.00651846153846141,-0.000167359062332662,0.00668582060079408,0.000445721373386272,1.60459694419058
"96",6,"2-POC-1_6",162.147755269697,-0.00173368851794834,27.3661016949153,20191025,"2-POC-1",1,7,"Run1","Pocillopora","Coral",0.608,45.44,"11:26","11:47","Light",165.5,NA,NA,-0.00105408261891259,-0.000167359062332662,-0.000886723556579931,-1.95141627768471e-05,-0.0702509859966495
"97",6,"1-ACR-1_6",162.43832745614,-0.00121692982456132,27.6550526315789,20191024,"1-ACR-1",8,8,"Run1","Apulchra","Coral",0.616,8.01,"17:22","17:36","Light",175,NA,NA,-0.000749628771929771,-0.000167359062332662,-0.000582269709597109,-7.26928476400885e-05,-0.261694251504319
"98",6,"1-ACR-3_6",169.040018379447,4.655561829482e-05,27.284625,20191025,"1-ACR-3",1,7,"Run2","Apulchra","Coral",0.616,15,"14:44","14:54","Light",165.5,NA,NA,2.86782608696091e-05,-0.000167359062332662,0.000196037323202271,1.30691548801514e-05,0.047048957568545
"99",6,"2-POC-3_6",137.328915934066,-0.00190494505494513,27.3598333333333,20191025,"2-POC-3",5,11,"Run2","Pocillopora","Coral",0.59,15,"14:44","14:54","Light",165.5,NA,NA,-0.00112391758241763,-0.000167359062332662,-0.000956558520084967,-6.37705680056645e-05,-0.229574044820392
"100",6,"2-POR-2_6",160.637089778325,0.00414174876847293,27.4313898305085,20191025,"2-POR-2",5,11,"Run1","Porites","Coral",0.595,26.4207942,"11:26","11:47","Light",165.5,NA,NA,0.00246434051724139,-0.000167359062332662,0.00263169957957405,9.96071336710255e-05,0.358585681215692
"101",6,"2-ACR-2_6",157.395965617716,-0.00213111888111909,27.350875,20191025,"2-ACR-2",3,9,"Run2","Apulchra","Coral",0.61,15,"14:44","14:54","Light",165.5,NA,NA,-0.00129998251748265,-0.000167359062332662,-0.00113262345514998,-7.55082303433323e-05,-0.271829629235996
"102",6,"2-ACR-1_6",168.096527900697,-0.000906123693379856,27.2105762711864,20191025,"2-ACR-1",6,12,"Run1","Apulchra","Coral",0.6,9.56614963,"11:26","11:47","Light",165.5,NA,NA,-0.000543674216027914,-0.000167359062332662,-0.000376315153695252,-3.93382048421139e-05,-0.14161753743161
"103",6,"2-ACR-3_6",175.745503553922,0.00247438725490197,27.203125,20191025,"2-ACR-3",6,12,"Run2","Apulchra","Coral",0.605,15,"14:44","14:54","Light",165.5,NA,NA,0.00149700428921569,-0.000167359062332662,0.00166436335154835,0.00011095755676989,0.399447204371605
"104",6,"2-POC-2_6",156.568000381753,-0.00104825690276109,27.3633220338983,20191025,"2-POC-2",2,8,"Run1","Pocillopora","Coral",0.618,44.45,"11:26","11:47","Light",165.5,NA,NA,-0.000647822765906357,-0.000167359062332662,-0.000480463703573695,-1.08090821951337e-05,-0.0389126959024815
"105",6,"1-POR-1_6",173.689616076923,0.00462392307692302,27.8334615384615,20191024,"1-POR-1",7,7,"Run1","Porites","Coral",0.6,11.43,"17:22","17:36","Light",175,NA,NA,0.00277435384615381,-0.000167359062332662,0.00294171290848647,0.000257367708529,0.926523750704401
"107",6,"1-POR-2_6",168.371760615385,0.00421476923076917,28.0043846153846,20191024,"1-POR-2",1,11,"Run1","Porites","Coral",0.595,20.43,"17:22","17:36","Light",175,NA,NA,0.00250778769230766,-0.000167359062332662,0.00267514675464032,0.000130942082948621,0.471391498615034
"109",7,"1-POC-2_7",160.511415,0.0096577272727274,27.89355,20191024,"1-POC-2",10,10,"Run1","Pocillopora","Coral",0.61,41.64,"17:38","17:47","Light",339,NA,NA,0.00589121363636371,-0.000397503201221166,0.00628871683758488,0.000151025860652855,0.543693098350277
"110",7,"2-POR-1_7",142.502095745921,0.00216416083916085,27.2574838709677,20191025,"2-POR-1",4,10,"Run1","Porites","Coral",0.61,6.1575216,"11:49","12:01","Light",315,NA,NA,0.00132013811188812,-0.000397503201221166,0.00171764131310928,0.00027895010763897,1.00422038750029
"111",7,"1-ACR-2_7",152.421647202381,0.00399446428571456,27.91315,20191024,"1-ACR-2",2,12,"Run1","Apulchra","Coral",0.61,7.7,"17:38","17:47","Light",339,NA,NA,0.00243662321428588,-0.000397503201221166,0.00283412641550705,0.000368068365650266,1.32504611634096
"112",7,"2-POC-1_7",159.961487727273,0.00138499999999985,27.3235625,20191025,"2-POC-1",1,7,"Run1","Pocillopora","Coral",0.608,45.44,"11:49","12:01","Light",315,NA,NA,0.000842079999999906,-0.000397503201221166,0.00123958320122107,2.72795598860271e-05,0.0982064155896977
"113",7,"1-POC-3_7",201.955215627706,0.0201912987012988,27.3031666666667,20191025,"1-POC-3",2,8,"Run2","Pocillopora","Coral",0.608,15,"15:00","15:11","Light",315,NA,NA,0.0122763096103896,-0.000397503201221166,0.0126738128116108,0.000844920854107387,3.04171507478659
"114",7,"2-POR-2_7",166.239237261905,0.0113889285714286,27.4017741935484,20191025,"2-POR-2",5,11,"Run1","Porites","Coral",0.595,26.4207942,"11:49","12:01","Light",315,NA,NA,0.00677641249999999,-0.000397503201221166,0.00717391570122116,0.000271525361687317,0.97749130207434
"115",7,"2-ACR-2_7",157.204307692308,0.0043956043956043,27.3100416666667,20191025,"2-ACR-2",3,9,"Run2","Apulchra","Coral",0.61,15,"15:00","15:11","Light",315,NA,NA,0.00268131868131862,-0.000397503201221166,0.00307882188253979,0.000205254792169319,0.73891725180955
"116",7,"1-POC-1_7",161.221182777778,0.00512833333333335,27.7153,20191024,"1-POC-1",9,9,"Run1","Pocillopora","Coral",0.604,33.92,"17:38","17:47","Light",339,NA,NA,0.00309751333333335,-0.000397503201221166,0.00349501653455451,0.000103037044061159,0.370933358620172
"117",7,"1-ACR-3_7",170.715974853801,0.00445789473684215,27.2603333333333,20191025,"1-ACR-3",1,7,"Run2","Apulchra","Coral",0.616,15,"15:00","15:11","Light",315,NA,NA,0.00274606315789476,-0.000397503201221166,0.00314356635911593,0.000209571090607729,0.754455926187823
"118",7,"2-POC-2_7",155.24444006917,0.00159748023715402,27.3221875,20191025,"2-POC-2",2,8,"Run1","Pocillopora","Coral",0.618,44.45,"11:49","12:01","Light",315,NA,NA,0.000987242786561182,-0.000397503201221166,0.00138474598778235,3.11528906137761e-05,0.112150406209594
"119",7,"1-ACR-1_7",161.63554,0.00264787878787857,27.6719,20191024,"1-ACR-1",8,8,"Run1","Apulchra","Coral",0.616,8.01,"17:38","17:47","Light",339,NA,NA,0.0016310933333332,-0.000397503201221166,0.00202859653455436,0.000253257994326387,0.911728779574995
"120",7,"1-POR-1_7",178.623081978022,0.00741472527472544,27.84415,20191024,"1-POR-1",7,7,"Run1","Porites","Coral",0.6,11.43,"17:38","17:47","Light",339,NA,NA,0.00444883516483526,-0.000397503201221166,0.00484633836605643,0.000424001606829084,1.5264057845847
"122",7,"2-ACR-1_7",166.902449616858,0.00223429118773942,27.1732258064516,20191025,"2-ACR-1",6,12,"Run1","Apulchra","Coral",0.6,9.56614963,"11:49","12:01","Light",315,NA,NA,0.00134057471264365,-0.000397503201221166,0.00173807791386482,0.000181690437750848,0.654085575903054
"123",7,"1-POR-2_7",173.844989107143,0.00874303571428586,28.01215,20191024,"1-POR-2",1,11,"Run1","Porites","Coral",0.595,20.43,"17:38","17:47","Light",339,NA,NA,0.00520210625000009,-0.000397503201221166,0.00559960945122125,0.000274087589389195,0.986715321801102
"124",7,"2-POC-3_7",138.285538235294,0.00621176470588212,27.35708,20191025,"2-POC-3",5,11,"Run2","Pocillopora","Coral",0.59,15,"15:00","15:11","Light",315,NA,NA,0.00366494117647045,-0.000397503201221166,0.00406244437769162,0.000270829625179441,0.974986650645988
"125",7,"2-ACR-3_7",179.73884547619,0.00637357142857155,27.18248,20191025,"2-ACR-3",6,12,"Run2","Apulchra","Coral",0.605,15,"15:00","15:11","Light",315,NA,NA,0.00385601071428579,-0.000397503201221166,0.00425351391550695,0.00028356759436713,1.02084333972167
"127",8,"1-POC-2_8",166.832051785714,0.0137577380952386,27.9068125,20191024,"1-POC-2",10,10,"Run1","Pocillopora","Coral",0.61,41.64,"17:48","17:55","Light",547,NA,NA,0.00839222023809555,-0.000311154143843814,0.00870337438193936,0.000209014754609495,0.752453116594181
"128",8,"1-ACR-2_8",154.879851785714,0.00525535714285809,27.9443333333333,20191024,"1-ACR-2",2,12,"Run1","Apulchra","Coral",0.61,7.7,"17:48","17:55","Light",547,NA,NA,0.00320576785714343,-0.000311154143843814,0.00351692200098725,0.000456743117011331,1.64427522124079
"129",8,"1-POC-3_8",217.585741463768,0.0267005652173912,27.3582857142857,20191025,"1-POC-3",2,8,"Run2","Pocillopora","Coral",0.608,15,"15:13","15:24","Light",493.5,NA,NA,0.0162339436521739,-0.000311154143843814,0.0165450977960177,0.00110300651973451,3.97082347104424
"130",8,"2-POR-2_8",176.211848351648,0.0161516483516484,27.4236666666667,20191025,"2-POR-2",5,11,"Run1","Porites","Coral",0.595,26.4207942,"12:03","12:10","Light",493.5,NA,NA,0.00961023076923078,-0.000311154143843814,0.0099213849130746,0.000375514257367577,1.35185132652328
"131",8,"2-POR-1_8",144.845309393939,0.0038724242424243,27.2360666666667,20191025,"2-POR-1",4,10,"Run1","Porites","Coral",0.61,6.1575216,"12:03","12:10","Light",493.5,NA,NA,0.00236217878787882,-0.000311154143843814,0.00267333293172264,0.000434157296617951,1.56296626782462
"132",8,"1-ACR-3_8",174.354133,0.00868699999999997,27.3078571428571,20191025,"1-ACR-3",1,7,"Run2","Apulchra","Coral",0.616,15,"15:13","15:24","Light",493.5,NA,NA,0.00535119199999998,-0.000311154143843814,0.0056623461438438,0.00037748974292292,1.35896307452251
"133",8,"2-POC-2_8",156.943556666667,0.00273857142857118,27.3228666666667,20191025,"2-POC-2",2,8,"Run1","Pocillopora","Coral",0.618,44.45,"12:03","12:10","Light",493.5,NA,NA,0.00169243714285699,-0.000311154143843814,0.0020035912867008,4.50751695545737e-05,0.162270610396465
"134",8,"2-POC-1_8",161.703023406593,0.00394802197802195,27.3046666666667,20191025,"2-POC-1",1,7,"Run1","Pocillopora","Coral",0.608,45.44,"12:03","12:10","Light",493.5,NA,NA,0.00240039736263734,-0.000311154143843814,0.00271155150648116,5.96732285757297e-05,0.214823622872627
"135",8,"1-POR-1_8",183.23078,0.01172,27.8628,20191024,"1-POR-1",7,7,"Run1","Porites","Coral",0.6,11.43,"17:48","17:55","Light",547,NA,NA,0.00703199999999998,-0.000311154143843814,0.00734315414384379,0.000642445681876098,2.31280445475395
"137",8,"2-ACR-2_8",160.868556410257,0.00968951048951025,27.3338928571429,20191025,"2-ACR-2",3,9,"Run2","Apulchra","Coral",0.61,15,"15:13","15:24","Light",493.5,NA,NA,0.00591060139860125,-0.000311154143843814,0.00622175554244507,0.000414783702829671,1.49322133018682
"138",8,"2-ACR-1_8",169.036164848485,0.00558060606060633,27.1694,20191025,"2-ACR-1",6,12,"Run1","Apulchra","Coral",0.6,9.56614963,"12:03","12:10","Light",493.5,NA,NA,0.0033483636363638,-0.000311154143843814,0.00365951778020761,0.000382548666051715,1.37717519778617
"139",8,"1-POC-1_8",164.238133636364,0.00764818181818128,27.7349375,20191024,"1-POC-1",9,9,"Run1","Pocillopora","Coral",0.604,33.92,"17:48","17:55","Light",547,NA,NA,0.00461950181818149,-0.000311154143843814,0.00493065596202531,0.00014536131963518,0.523300750686648
"140",8,"2-POC-3_8",143.046815269231,0.0104347307692307,27.4214137931034,20191025,"2-POC-3",5,11,"Run2","Pocillopora","Coral",0.59,15,"15:13","15:24","Light",493.5,NA,NA,0.0061564911538461,-0.000311154143843814,0.00646764529768992,0.000431176353179328,1.55223487144558
"141",8,"1-ACR-1_8",163.558675,0.00586346153846147,27.6922666666667,20191024,"1-ACR-1",8,8,"Run1","Apulchra","Coral",0.616,8.01,"17:48","17:55","Light",547,NA,NA,0.00361189230769227,-0.000311154143843814,0.00392304645153608,0.000489768595697388,1.7631669445106
"142",8,"2-ACR-3_8",184.488998005698,0.00884041514041505,27.2468275862069,20191025,"2-ACR-3",6,12,"Run2","Apulchra","Coral",0.605,15,"15:13","15:24","Light",493.5,NA,NA,0.00534845115995111,-0.000311154143843814,0.00565960530379492,0.000377307020252995,1.35830527291078
"143",8,"1-POR-2_8",179.130423636364,0.0101036363636363,28.0689333333333,20191024,"1-POR-2",1,11,"Run1","Porites","Coral",0.595,20.43,"17:48","17:55","Light",547,NA,NA,0.00601166363636358,-0.000311154143843814,0.00632281778020739,0.000309486920225521,1.11415291281188
"145",9,"1-POC-3_9",239.472178351648,0.0308172527472526,27.4761304347826,20191025,"1-POC-3",2,8,"Run2","Pocillopora","Coral",0.608,15,"15:26","15:36","Light",677,NA,NA,0.0187368896703296,-0.000430103055277973,0.0191669927256076,0.00127779951504051,4.60007825414582
"146",9,"1-POC-2_9",174.487642307692,0.016214835164835,27.9034666666667,20191024,"1-POC-2",10,10,"Run1","Pocillopora","Coral",0.61,41.64,"17:57","18:03","Light",734,NA,NA,0.00989104945054938,-0.000430103055277973,0.0103211525058274,0.00024786629456838,0.892318660446169
"147",9,"1-ACR-3_9",181.428920054945,0.0115469780219782,27.4079130434783,20191025,"1-ACR-3",1,7,"Run2","Apulchra","Coral",0.616,15,"15:26","15:36","Light",677,NA,NA,0.00711293846153856,-0.000430103055277973,0.00754304151681653,0.000502869434454435,1.81032996403597
"148",9,"1-ACR-2_9",157.76872,0.00907999999999959,27.9501428571429,20191024,"1-ACR-2",2,12,"Run1","Apulchra","Coral",0.61,7.7,"17:57","18:03","Light",734,NA,NA,0.00553879999999975,-0.000430103055277973,0.00596890305527772,0.000775182214971133,2.79065597389608
"149",9,"1-POR-1_9",188.453663888889,0.0105583333333328,27.8569333333333,20191024,"1-POR-1",7,7,"Run1","Porites","Coral",0.6,11.43,"17:57","18:03","Light",734,NA,NA,0.00633499999999968,-0.000430103055277973,0.00676510305527765,0.000591872533270136,2.13074111977249
"151",9,"2-POR-2_9",184.873844444444,0.0196000000000001,27.47725,20191025,"2-POR-2",5,11,"Run1","Porites","Coral",0.595,26.4207942,"12:12","12:19","Light",677,NA,NA,0.0116620000000001,-0.000430103055277973,0.0120921030552781,0.000457673715776419,1.64762537679511
"152",9,"2-POR-1_9",146.961738333333,0.00562357142857162,27.3018125,20191025,"2-POR-1",4,10,"Run1","Porites","Coral",0.61,6.1575216,"12:12","12:19","Light",677,NA,NA,0.00343037857142869,-0.000430103055277973,0.00386048162670666,0.000626953809907328,2.25703371566638
"153",9,"1-POC-1_9",168.308716491841,0.00891171328671318,27.7263333333333,20191024,"1-POC-1",9,9,"Run1","Pocillopora","Coral",0.604,33.92,"17:57","18:03","Light",734,NA,NA,0.00538267482517476,-0.000430103055277973,0.00581277788045273,0.000171367272419007,0.616922180708427
"154",9,"2-POC-3_9",151.563482156973,0.0123066629023152,27.555625,20191025,"2-POC-3",5,11,"Run2","Pocillopora","Coral",0.59,15,"15:26","15:36","Light",677,NA,NA,0.00726093111236597,-0.000430103055277973,0.00769103416764394,0.000512735611176263,1.84584820023455
"155",9,"2-POC-2_9",158.691504120879,0.00467719780219792,27.36525,20191025,"2-POC-2",2,8,"Run1","Pocillopora","Coral",0.618,44.45,"12:12","12:19","Light",677,NA,NA,0.00289050824175832,-0.000430103055277973,0.00332061129703629,7.47044161313001e-05,0.26893589807268
"156",9,"2-POC-1_9",163.835668095238,0.00579857142857157,27.3595,20191025,"2-POC-1",1,7,"Run1","Pocillopora","Coral",0.608,45.44,"12:12","12:19","Light",677,NA,NA,0.00352553142857151,-0.000430103055277973,0.00395563448384949,8.70518152255609e-05,0.313386534812019
"157",9,"1-ACR-1_9",166.913709090909,0.00870909090909108,27.7062666666667,20191024,"1-ACR-1",8,8,"Run1","Apulchra","Coral",0.616,8.01,"17:57","18:03","Light",734,NA,NA,0.00536480000000011,-0.000430103055277973,0.00579490305527808,0.000723458558711371,2.60445081136094
"158",9,"2-ACR-3_9",191.206936388889,0.0116858333333336,27.3643333333333,20191025,"2-ACR-3",6,12,"Run2","Apulchra","Coral",0.605,15,"15:26","15:36","Light",677,NA,NA,0.00706992916666681,-0.000430103055277973,0.00750003222194478,0.000500002148129652,1.80000773326675
"159",9,"2-ACR-2_9",168.884946047431,0.0130929136081311,27.4210833333333,20191025,"2-ACR-2",3,9,"Run2","Apulchra","Coral",0.61,15,"15:26","15:36","Light",677,NA,NA,0.00798667730095994,-0.000430103055277973,0.00841678035623792,0.000561118690415861,2.0200272854971
"160",9,"2-ACR-1_9",171.809487692308,0.00705516483516484,27.2092941176471,20191025,"2-ACR-1",6,12,"Run1","Apulchra","Coral",0.6,9.56614963,"12:12","12:19","Light",677,NA,NA,0.0042330989010989,-0.000430103055277973,0.00466320195637687,0.000487469058789631,1.75488861164267
"161",9,"1-POR-2_9",184.831571386946,0.0117316433566431,28.0862666666667,20191024,"1-POR-2",1,11,"Run1","Porites","Coral",0.595,20.43,"17:57","18:03","Light",734,NA,NA,0.00698032779720265,-0.000430103055277973,0.00741043085248062,0.000362722998163515,1.30580279338866
"163",10,"1-ACR-1_10",171.398506373626,0.00958373626373605,27.7336111111111,20191024,"1-ACR-1",8,8,"Run1","Apulchra","Coral",0.616,8.01,"18:05","18:13","Light",886,NA,NA,0.00590358153846141,-0.000303289027347696,0.00620687056580911,0.00077489020796618,2.78960474867825
"164",10,"2-ACR-3_10",199.032455494506,0.0104895604395603,27.4947777777778,20191025,"2-ACR-3",6,12,"Run2","Apulchra","Coral",0.605,15,"15:38","15:46","Light",815.5,NA,NA,0.00634618406593399,-0.000303289027347696,0.00664947309328169,0.000443298206218779,1.5958735423876
"165",10,"1-POR-2_10",190.471118181818,0.0110272727272725,28.157,20191024,"1-POR-2",1,11,"Run1","Porites","Coral",0.595,20.43,"18:05","18:13","Light",886,NA,NA,0.00656122727272714,-0.000303289027347696,0.00686451630007484,0.000336001776802488,1.20960639648896
"167",10,"1-POC-2_10",183.006494485294,0.0178584558823529,27.9341666666667,20191024,"1-POC-2",10,10,"Run1","Pocillopora","Coral",0.61,41.64,"18:05","18:13","Light",886,NA,NA,0.0108936580882353,-0.000303289027347696,0.011196947115583,0.000268898826022646,0.968035773681526
"168",10,"2-POR-1_10",150.298589120879,0.0060526373626371,27.4092608695652,20191025,"2-POR-1",4,10,"Run1","Porites","Coral",0.61,6.1575216,"12:21","12:31","Light",815.5,NA,NA,0.00369210879120863,-0.000303289027347696,0.00399539781855633,0.000648864604641635,2.33591257670989
"169",10,"2-ACR-2_10",178.836800059524,0.0150023214285715,27.5306111111111,20191025,"2-ACR-2",3,9,"Run2","Apulchra","Coral",0.61,15,"15:38","15:46","Light",815.5,NA,NA,0.00915141607142862,-0.000303289027347696,0.00945470509877632,0.000630313673251755,2.26912922370632
"170",10,"2-ACR-1_10",176.062071853147,0.00781975524475495,27.307,20191025,"2-ACR-1",6,12,"Run1","Apulchra","Coral",0.6,9.56614963,"12:21","12:31","Light",815.5,NA,NA,0.00469185314685297,-0.000303289027347696,0.00499514217420067,0.000522168517888912,1.87980666440008
"171",10,"1-ACR-2_10",161.639192890443,0.00704370629370611,27.9839411764706,20191024,"1-ACR-2",2,12,"Run1","Apulchra","Coral",0.61,7.7,"18:05","18:13","Light",886,NA,NA,0.00429666083916072,-0.000303289027347696,0.00459994986650842,0.000597396086559535,2.15062591161433
"172",10,"2-POC-1_10",167.208275324675,0.00629610389610389,27.4621304347826,20191025,"2-POC-1",1,7,"Run1","Pocillopora","Coral",0.608,45.44,"12:21","12:31","Light",815.5,NA,NA,0.00382803116883117,-0.000303289027347696,0.00413132019617886,9.09181381201334e-05,0.32730529723248
"173",10,"1-POR-1_10",193.789557142857,0.0101351648351647,27.8790588235294,20191024,"1-POR-1",7,7,"Run1","Porites","Coral",0.6,11.43,"18:05","18:13","Light",886,NA,NA,0.00608109890109884,-0.000303289027347696,0.00638438792844654,0.000558564123223669,2.01083084360521
"174",10,"1-POC-3_10",262.168970220588,0.0286180147058822,27.6132777777778,20191025,"1-POC-3",2,8,"Run2","Pocillopora","Coral",0.608,15,"15:38","15:46","Light",815.5,NA,NA,0.0173997529411764,-0.000303289027347696,0.0177030419685241,0.0011802027979016,4.24873007244577
"175",10,"2-POR-2_10",196.245228421053,0.0214733333333333,27.6081304347826,20191025,"2-POR-2",5,11,"Run1","Porites","Coral",0.595,26.4207942,"12:21","12:31","Light",815.5,NA,NA,0.0127766333333333,-0.000303289027347696,0.013079922360681,0.000495061664750449,1.78222199310162
"176",10,"1-POC-1_10",172.810371098901,0.00904868131868125,27.7468888888889,20191024,"1-POC-1",9,9,"Run1","Pocillopora","Coral",0.604,33.92,"18:05","18:13","Light",886,NA,NA,0.00546540351648347,-0.000303289027347696,0.00576869254383117,0.000170067586787475,0.612243312434912
"177",10,"1-ACR-3_10",189.843817074592,0.0129393356643358,27.53,20191025,"1-ACR-3",1,7,"Run2","Apulchra","Coral",0.616,15,"15:38","15:46","Light",815.5,NA,NA,0.00797063076923084,-0.000303289027347696,0.00827391979657854,0.000551594653105236,1.98574075117885
"178",10,"2-POC-2_10",161.463188988095,0.0058633928571428,27.4706956521739,20191025,"2-POC-2",2,8,"Run1","Pocillopora","Coral",0.618,44.45,"12:21","12:31","Light",815.5,NA,NA,0.00362357678571425,-0.000303289027347696,0.00392686581306195,8.83434378641608e-05,0.318036376310979
"180",10,"2-POC-3_10",160.669248888889,0.0137733333333335,27.6976666666667,20191025,"2-POC-3",5,11,"Run2","Pocillopora","Coral",0.59,15,"15:38","15:46","Light",815.5,NA,NA,0.00812626666666677,-0.000303289027347696,0.00842955569401447,0.000561970379600964,2.02309336656347
"181",11,"1-ACR-1_11",176.979672960373,0.0111755244755243,27.75425,20191024,"1-ACR-1",8,8,"Run1","Apulchra","Coral",0.616,8.01,"18:15","18:26","Light",1125,NA,NA,0.00688412307692296,-0.000351156730769268,0.00723527980769223,0.000903280874867944,3.2518111495246
"182",11,"1-POR-2_11",197.277544047619,0.0124892857142859,28.1936875,20191024,"1-POR-2",1,11,"Run1","Porites","Coral",0.595,20.43,"18:15","18:26","Light",1125,NA,NA,0.00743112500000012,-0.000351156730769268,0.00778228173076938,0.00038092421589669,1.37132717722809
"183",11,"1-POC-2_11",193.220428181818,0.0193536363636365,27.9401875,20191024,"1-POC-2",10,10,"Run1","Pocillopora","Coral",0.61,41.64,"18:15","18:26","Light",1125,NA,NA,0.0118057181818183,-0.000351156730769268,0.0121568749125875,0.000291951847084235,1.05102664950324
"184",11,"2-ACR-3_11",205.664586969697,0.0105221212121213,27.5955333333333,20191025,"2-ACR-3",6,12,"Run2","Apulchra","Coral",0.605,15,"15:49","15:56","Light",1072.833333,NA,NA,0.00636588333333341,-0.000351156730769268,0.00671704006410268,0.000447802670940178,1.61208961538464
"185",11,"2-ACR-2_11",188.268376388889,0.0178458333333333,27.6258666666667,20191025,"2-ACR-2",3,9,"Run2","Apulchra","Coral",0.61,15,"15:49","15:56","Light",1072.833333,NA,NA,0.0108859583333333,-0.000351156730769268,0.0112371150641026,0.000749141004273504,2.69690761538462
"186",11,"1-ACR-2_11",165.940345629371,0.00797604895104873,27.9886666666667,20191024,"1-ACR-2",2,12,"Run1","Apulchra","Coral",0.61,7.7,"18:15","18:26","Light",1125,NA,NA,0.00486538986013972,-0.000351156730769268,0.00521654659090899,0.000677473583234934,2.43890489964576
"187",11,"2-POC-1_11",171.715844264706,0.00801455882352939,27.5337777777778,20191025,"2-POC-1",1,7,"Run1","Pocillopora","Coral",0.608,45.44,"12:33","13:41","Light",1072.833333,NA,NA,0.00487285176470587,-0.000351156730769268,0.00522400849547514,0.000114964975692675,0.413873912493629
"189",11,"1-POC-3_11",279.382381428571,0.0284185714285714,27.7275333333333,20191025,"1-POC-3",2,8,"Run2","Pocillopora","Coral",0.608,15,"15:49","15:56","Light",1072.833333,NA,NA,0.0172784914285714,-0.000351156730769268,0.0176296481593407,0.00117530987728938,4.23111555824176
"190",11,"2-POR-2_11",211.002982142857,0.0234464285714295,27.7205,20191025,"2-POR-2",5,11,"Run1","Porites","Coral",0.595,26.4207942,"12:33","13:41","Light",1072.833333,NA,NA,0.0139506250000005,-0.000351156730769268,0.0143017817307698,0.000541307790466412,1.94870804567908
"191",11,"2-POR-1_11",154.783297027972,0.00696171328671321,27.5000555555556,20191025,"2-POR-1",4,10,"Run1","Porites","Coral",0.61,6.1575216,"12:33","13:41","Light",1072.833333,NA,NA,0.00424664510489506,-0.000351156730769268,0.00459780183566433,0.000746696826149067,2.68810857413664
"192",11,"2-ACR-1_11",181.9073,0.00905714285714301,27.3848333333333,20191025,"2-ACR-1",6,12,"Run1","Apulchra","Coral",0.6,9.56614963,"12:33","13:41","Light",1072.833333,NA,NA,0.00543428571428581,-0.000351156730769268,0.00578544244505507,0.00060478276723914,2.1772179620609
"193",11,"1-ACR-3_11",197.782450909091,0.0149672727272728,27.6008,20191025,"1-ACR-3",1,7,"Run2","Apulchra","Coral",0.616,15,"15:49","15:56","Light",1072.833333,NA,NA,0.00921984000000002,-0.000351156730769268,0.00957099673076929,0.000638066448717953,2.29703921538463
"194",11,"2-POC-2_11",165.243385,0.00683318181818182,27.5731111111111,20191025,"2-POC-2",2,8,"Run1","Pocillopora","Coral",0.618,44.45,"12:33","13:41","Light",1072.833333,NA,NA,0.00422290636363637,-0.000351156730769268,0.00457406309440563,0.000102903556679542,0.370452804046351
"195",11,"1-POR-1_11",199.8298975,0.0109310714285717,27.8771875,20191024,"1-POR-1",7,7,"Run1","Porites","Coral",0.6,11.43,"18:15","18:26","Light",1125,NA,NA,0.00655864285714305,-0.000351156730769268,0.00690979958791232,0.000604531897455146,2.17631483083853
"197",11,"1-POC-1_11",177.964706190476,0.0104842857142848,27.75025,20191024,"1-POC-1",9,9,"Run1","Pocillopora","Coral",0.604,33.92,"18:15","18:26","Light",1125,NA,NA,0.00633250857142803,-0.000351156730769268,0.0066836653021973,0.000197042019522326,0.709351270280374
"198",11,"2-POC-3_11",169.3067,0.0128000000000003,27.8228666666667,20191025,"2-POC-3",5,11,"Run2","Pocillopora","Coral",0.59,15,"15:49","15:56","Light",1072.833333,NA,NA,0.00755200000000017,-0.000351156730769268,0.00790315673076944,0.000526877115384629,1.89675761538467
"199",12,"1-ACR-1_12",183.598334242424,0.0129930303030304,27.7725294117647,20191024,"1-ACR-1",8,8,"Run1","Apulchra","Coral",0.616,8.01,"18:24","18:31","Light",1027,NA,NA,0.00800370666666675,-0.000728264999999902,0.00873197166666665,0.00109013379109446,3.92448164794007
"200",12,"2-ACR-3_12",212.018284090909,0.0103522727272729,27.6541176470588,20191025,"2-ACR-3",6,12,"Run2","Apulchra","Coral",0.605,15,"15:58","16:05","Light",1286.666667,NA,NA,0.00626312500000009,-0.000728264999999902,0.00699138999999999,0.000466092666666666,1.6779336
"201",12,"1-ACR-2_12",170.404823076923,0.00777032967032952,28.0018235294118,20191024,"1-ACR-2",2,12,"Run1","Apulchra","Coral",0.61,7.7,"18:24","18:31","Light",1027,NA,NA,0.00473990109890101,-0.000728264999999902,0.00546816609890091,0.000710151441415703,2.55654518909653
"202",12,"2-POC-1_12",177.616256666667,0.00760999999999909,27.5758,20191025,"2-POC-1",1,7,"Run1","Pocillopora","Coral",0.608,45.44,"12:43","12:49","Light",1286.666667,NA,NA,0.00462687999999944,-0.000728264999999902,0.00535514499999935,0.000117850902288718,0.424263248239385
"203",12,"1-POC-3_12",297.383495,0.0283050000000003,27.8280588235294,20191025,"1-POC-3",2,8,"Run2","Pocillopora","Coral",0.608,15,"15:58","16:05","Light",1286.666667,NA,NA,0.0172094400000002,-0.000728264999999902,0.0179377050000001,0.001195847,4.30504920000002
"204",12,"1-POR-2_12",204.283137272727,0.0134990909090909,28.2424117647059,20191024,"1-POR-2",1,11,"Run1","Porites","Coral",0.595,20.43,"18:24","18:31","Light",1027,NA,NA,0.00803195909090906,-0.000728264999999902,0.00876022409090896,0.000428792172829611,1.5436518221866
"205",12,"2-ACR-2_12",198.267001758242,0.0196026373626369,27.7244705882353,20191025,"2-ACR-2",3,9,"Run2","Apulchra","Coral",0.61,15,"15:58","16:05","Light",1286.666667,NA,NA,0.0119576087912085,-0.000728264999999902,0.0126858737912084,0.000845724919413895,3.04460970989002
"206",12,"2-ACR-1_12",187.798305,0.0122949999999997,27.4046666666667,20191025,"2-ACR-1",6,12,"Run1","Apulchra","Coral",0.6,9.56614963,"12:43","12:49","Light",1286.666667,NA,NA,0.00737699999999984,-0.000728264999999902,0.00810526499999974,0.000847286036022389,3.0502297296806
"207",12,"1-ACR-3_12",207.271765238095,0.0194157142857136,27.66725,20191025,"1-ACR-3",1,7,"Run2","Apulchra","Coral",0.616,15,"15:58","16:05","Light",1286.666667,NA,NA,0.0119600799999996,-0.000728264999999902,0.0126883449999995,0.000845889666666631,3.04520279999987
"208",12,"1-POC-2_12",204.592738611111,0.0207724999999996,27.9626470588235,20191024,"1-POC-2",10,10,"Run1","Pocillopora","Coral",0.61,41.64,"18:24","18:31","Light",1027,NA,NA,0.0126712249999997,-0.000728264999999902,0.0133994899999996,0.000321793707973094,1.15845734870314
"209",12,"2-POR-2_12",224.859718055556,0.0228375000000001,27.7984,20191025,"2-POR-2",5,11,"Run1","Porites","Coral",0.595,26.4207942,"12:43","12:49","Light",1286.666667,NA,NA,0.0135883125000001,-0.000728264999999902,0.0143165775,0.000541867795177783,1.95072406264002
"211",12,"1-POR-1_12",205.876435714286,0.010992857142857,27.9059411764706,20191024,"1-POR-1",7,7,"Run1","Porites","Coral",0.6,11.43,"18:24","18:31","Light",1027,NA,NA,0.00659571428571418,-0.000728264999999902,0.00732397928571409,0.000640768091488546,2.30676512935877
"212",12,"2-POC-2_12",169.30758967033,0.00666307692307683,27.6416,20191025,"2-POC-2",2,8,"Run1","Pocillopora","Coral",0.618,44.45,"12:43","12:49","Light",1286.666667,NA,NA,0.00411778153846148,-0.000728264999999902,0.00484604653846139,0.000109022419312967,0.392480709526681
"213",12,"2-POR-1_12",159.446893636364,0.00837303030303033,27.5212666666667,20191025,"2-POR-1",4,10,"Run1","Porites","Coral",0.61,6.1575216,"12:43","12:49","Light",1286.666667,NA,NA,0.0051075484848485,-0.000728264999999902,0.00583581348484841,0.000947753635951258,3.41191308942453
"214",12,"1-POC-1_12",183.542989545455,0.0104286363636364,27.7752352941176,20191024,"1-POC-1",9,9,"Run1","Pocillopora","Coral",0.604,33.92,"18:24","18:31","Light",1027,NA,NA,0.00629889636363639,-0.000728264999999902,0.00702716136363629,0.000207168672277013,0.745807220197248
"216",12,"2-POC-3_12",176.5442275,0.0152891666666663,27.9265294117647,20191025,"2-POC-3",5,11,"Run2","Pocillopora","Coral",0.59,15,"15:58","16:05","Light",1286.666667,NA,NA,0.0090206083333331,-0.000728264999999902,0.009748873333333,0.000649924888888867,2.33972959999992
